,y_true,y_pred
0,Atelec,Atel: 0% Pneu:50%
1,Infilt,Infi:28%
2,Pleura,Effu:100% Pleu: 0%
3,Atelec,Atel: 0% Infi:78%
4,Pneumo,Infi:74% Pneu: 2%
5,Effusi Pneumo,Effu: 1% Pneu: 5%
6,Edema,Edem: 0% Infi:60%
7,Consol Effusi Mass Nodule Pleura,Cons: 0% Effu: 9% Mass:27% Nodu: 5% Pleu: 0% Pneu:53%
8,Pneumo,Pneu: 0% Pneu:56%
9,Infilt,Infi: 7%
10,Effusi Infilt,Effu:31% Infi:22%
11,Mass,Mass:11%
12,Infilt,Infi:37%
13,Edema,Edem: 0% Infi:51%
14,Mass,Infi:98% Mass: 0%
15,Mass Nodule,Infi:69% Mass:14% Nodu: 3%
16,Pleura,Mass:62% Pleu: 0%
17,Pleura,Infi:83% Pleu: 0%
18,Consol,Cons: 1%
19,Atelec,Atel: 0%
20,Infilt,Effu:52% Infi: 4%
21,Mass,Mass:15%
22,Infilt,Effu:51% Infi: 0%
23,Consol,Cons: 2%
24,Infilt,Infi: 2% Pneu:72%
25,Atelec,Atel: 0%
26,Pleura,Mass:67% Pleu: 0%
27,Effusi,Effu:10%
28,Infilt,Infi:92%
29,Infilt,Infi:45%
30,Consol Effusi Pleura,Cons: 0% Effu: 0% Pleu: 0% Pneu:97%
31,Infilt,Infi:70%
32,Infilt,Infi:99%
33,Infilt,Infi: 3%
34,Mass Pleura Pneumo,Mass:30% Pleu: 0% Pneu:67%
35,Mass Pneumo,Mass: 8% Pneu:78%
36,Mass Nodule,Mass:28% Nodu:15%
37,Infilt,Infi:52%
38,Consol,Cons: 0% Nodu:51%
39,Consol,Cons: 0%
40,Infilt,Infi: 5%
41,Pneumo,Pneu:52%
42,Effusi Pneumo,Effu: 6% Pneu:47%
43,Consol,Cons: 0% Effu:58%
44,Effusi Mass Nodule,Effu:15% Mass:11% Nodu: 6%
45,Atelec Cardio Effusi Mass,Atel: 0% Card: 0% Effu: 0% Infi:82% Mass: 3%
46,Infilt,Infi:63%
47,Effusi Infilt,Effu: 0% Infi: 1% Pneu:73%
48,Effusi,Effu:46%
49,Infilt Pneumo,Infi:69% Pneu: 0%
50,Infilt,Infi:47%
51,Effusi,Effu: 0% Pneu:69%
52,Atelec,Atel: 0% Infi:96%
53,Infilt,Infi:58%
54,Pleura,Mass:54% Pleu: 0%
55,Infilt Nodule,Infi:78% Nodu: 6%
56,Atelec Consol,Atel: 2% Cons: 5%
57,Atelec Infilt,Atel: 0% Infi:36%
58,Mass,Infi:80% Mass: 8%
59,Infilt,Infi:74%
60,Emphys Pneumo,Emph: 1% Pneu:38%
61,Nodule Pleura,Nodu:16% Pleu: 1%
62,Atelec,Atel: 0%
63,Infilt Nodule,Infi:67% Nodu:14%
64,Effusi Infilt,Effu:49% Infi: 2%
65,Infilt Nodule,Infi:29% Nodu:21%
66,Infilt,Infi: 8%
67,Pneumo,Pneu:21%
68,Mass,Mass: 8% Pneu:75%
69,Atelec,Atel: 0% Infi:69%
70,Edema,Edem: 0% Pleu:95%
71,Mass,Infi:88% Mass: 3%
72,Infilt,Infi: 0%
73,Consol Edema,Cons: 0% Edem: 0% Infi:88%
74,Fibros Infilt,Fibr: 1% Infi:55%
75,Infilt,Infi: 9% Pneu:64%
76,Mass Nodule,Mass:13% Nodu: 6%
77,Infilt Nodule,Infi: 6% Nodu: 9%
78,Effusi,Effu:16%
79,Atelec Effusi Infilt,Atel: 1% Effu:14% Infi:32%
80,Atelec Nodule,Atel: 8% Nodu: 6%
81,Nodule,Nodu: 4%
82,Emphys,Emph: 1% Pneu:55%
83,Infilt,Infi: 1% Nodu:58%
84,Effusi,Effu: 0% Infi:91%
85,Pleura,Pleu: 1%
86,Atelec Cardio Consol,Atel: 0% Card: 0% Cons: 1%
87,Infilt Nodule,Infi:78% Nodu: 3%
88,Atelec Consol Infilt Pneumo,Atel: 1% Cons: 1% Infi:87% Pneu: 0%
89,Effusi Infilt,Effu:18% Infi: 2%
90,Consol Mass,Cons: 0% Mass:20% Pneu:60%
91,Infilt Mass,Infi:11% Mass:10%
92,Effusi Pneumo,Effu: 9% Pneu:19%
93,Infilt Nodule,Infi:90% Nodu: 4%
94,Pneumo,Pneu:16%
95,Infilt,Infi: 1% Pneu:63%
96,Cardio Consol Effusi,Card: 0% Cons: 0% Effu: 0% Infi:94%
97,Effusi,Effu: 5%
98,Atelec Consol Effusi Infilt,Atel: 2% Cons:10% Effu: 2% Infi:24%
99,Atelec Effusi,Atel: 1% Effu: 1% Pneu:51%
100,Infilt Pneumo,Infi: 0% Pneu:60% Pneu: 1%
101,Effusi,Effu: 6%
102,Atelec Effusi,Atel: 0% Effu: 2% Pneu:78%
103,Atelec Infilt,Atel: 0% Infi:16% Nodu:57%
104,Effusi Pneumo,Effu: 3% Pneu: 2%
105,Atelec,Atel: 0%
106,Infilt,Infi:72%
107,Effusi Infilt,Effu: 1% Infi:59%
108,Atelec,Atel: 0% Infi:54%
109,Edema Effusi,Edem: 2% Effu:55%
110,Atelec Effusi,Atel: 1% Effu:16%
111,Edema Infilt Pneumo,Edem: 1% Infi:70% Pneu: 0%
112,Infilt Pneumo,Infi: 5% Pneu: 0%
113,Consol Infilt,Cons: 3% Infi:12%
114,Infilt Pneumo,Infi:11% Pneu: 3%
115,Edema Infilt,Edem: 0% Infi:32%
116,Infilt,Effu:52% Infi: 8%
117,Atelec Infilt,Atel: 0% Infi:55%
118,Atelec Effusi Infilt,Atel: 1% Effu: 3% Infi:30%
119,Atelec Cardio Consol Effusi Infilt Mass Pleura,Atel: 0% Card: 0% Cons: 1% Effu:10% Infi:52% Mass:24% Pleu: 0%
120,Infilt,Infi: 0% Mass:59%
121,Mass,Mass: 2%
122,Infilt,Infi:48%
123,Atelec Infilt,Atel: 0% Infi:69%
124,Edema Infilt Pneumo,Edem: 2% Infi:72% Pneu:11%
125,Infilt Mass,Infi:51% Mass: 2%
126,Infilt,Infi:88%
127,Atelec,Atel: 1% Pneu:53%
128,Infilt,Infi: 1% Mass:74%
129,Pneumo,Infi:85% Pneu: 1%
130,Effusi,Effu:19%
131,Infilt,Infi: 2%
132,Infilt,Infi:92%
133,Emphys,Emph: 0% Infi:76%
134,Cardio Effusi,Card: 0% Effu: 5% Infi:64%
135,Cardio,Card: 0% Infi:75%
136,Effusi Pleura,Effu: 3% Infi:87% Pleu: 0%
137,Atelec Effusi,Atel: 0% Effu: 4%
138,Infilt,Infi: 1% Pneu:55%
139,Infilt,Infi: 9%
140,Pneumo,Infi:91% Pneu: 0%
141,Emphys Mass,Emph: 0% Infi:75% Mass: 9%
142,Atelec,Atel: 0% Infi:64%
143,Infilt,Infi:17%
144,Nodule,Nodu:14%
145,Infilt,Infi:83%
146,Atelec Cardio,Atel:25% Card: 2%
147,Atelec Effusi,Atel: 0% Effu: 1% Infi:93%
148,Consol Infilt,Cons: 2% Infi: 1%
149,Consol Effusi,Cons: 2% Effu: 0% Pneu:70%
150,Mass,Mass:28% Pneu:60%
151,Edema Pneumo,Edem: 0% Infi:88% Pneu: 2%
152,Pneumo,Pneu:18%
153,Infilt Pneumo,Infi: 0% Mass:77% Pneu:10%
154,Infilt,Infi:93%
155,Atelec Consol Effusi Mass Nodule Pneumo,Atel: 1% Cons: 1% Effu: 3% Mass:27% Nodu: 7% Pneu:55%
156,Effusi Infilt Mass,Effu:22% Infi:62% Mass: 2%
157,Infilt,Infi:13%
158,Effusi Infilt Mass Nodule,Effu: 1% Infi: 1% Mass:49% Nodu: 8%
159,Nodule,Nodu: 2% Pneu:52%
160,Atelec,Atel: 0% Pneu:75%
161,Cardio,Card: 0% Infi:98%
162,Atelec,Atel: 3%
163,Edema,Edem: 1%
164,Atelec Effusi Emphys Infilt,Atel: 1% Effu: 0% Emph: 0% Infi: 3%
165,Atelec,Atel: 0% Pneu:94%
166,Pleura,Infi:63% Pleu: 0%
167,Effusi Nodule Pneumo,Effu: 8% Nodu:60% Pneu:13%
168,Effusi Infilt,Effu: 2% Infi:18% Nodu:65%
169,Infilt,Infi: 1% Mass:67%
170,Fibros,Fibr: 0%
171,Infilt,Infi:98%
172,Atelec Effusi Emphys Pneumo,Atel: 2% Effu:11% Emph: 4% Pneu:34%
173,Consol,Cons:15%
174,Atelec Consol,Atel: 0% Cons: 0% Infi:72%
175,Atelec,Atel: 0% Infi:77%
176,Effusi Fibros Infilt Nodule,Effu: 0% Fibr: 0% Infi:84% Nodu: 1%
177,Mass,Mass:17%
178,Infilt,Infi:72%
179,Pleura,Infi:79% Pleu: 0%
180,Pneumo,Infi:72% Pneu: 0%
181,Atelec Consol,Atel: 1% Cons: 1% Infi:65%
182,Infilt,Infi: 3%
183,Effusi,Effu: 8% Mass:53%
184,Nodule,Mass:55% Nodu:15%
185,Infilt,Infi:17%
186,Effusi,Effu: 1%
187,Effusi,Effu: 9%
188,Pleura,Pleu:10%
189,Atelec,Atel: 0% Infi:81%
190,Infilt,Infi:89%
191,Atelec,Atel: 0% Infi:87%
192,Pneumo,Infi:64% Pneu: 1%
193,Consol Edema,Cons: 1% Edem: 1% Infi:52%
194,Infilt Mass,Infi: 4% Mass: 3%
195,Nodule,Nodu: 3%
196,Pneumo,Infi:78% Pneu: 1%
197,Atelec,Atel: 0%
198,Cardio Effusi Nodule,Card: 1% Effu: 3% Nodu:16%
199,Fibros Pleura,Fibr: 0% Nodu:54% Pleu: 4%
200,Effusi Pleura,Effu: 3% Pleu: 1%
201,Emphys,Emph: 1% Pneu:71%
202,Emphys Pleura,Emph: 1% Mass:69% Pleu: 0%
203,Cardio,Card: 1%
204,Pneumo,Pneu:55%
205,Infilt,Infi: 0% Pneu:51%
206,Atelec Edema Effusi,Atel: 1% Edem: 2% Effu:16% Nodu:52%
207,Effusi Mass Nodule Pleura,Effu:28% Mass:23% Nodu: 8% Pleu: 2%
208,Consol,Cons: 5%
209,Mass,Mass:51%
210,Atelec,Atel: 0%
211,Infilt,Infi: 1% Mass:55%
212,Atelec,Atel: 1% Infi:79%
213,Cardio Edema Mass,Card: 0% Edem: 0% Effu:52% Mass:12%
214,Infilt,Infi:34%
215,Infilt Nodule,Infi:31% Nodu: 2% Pneu:61%
216,Atelec Infilt,Atel: 1% Infi:49%
217,Effusi,Effu: 7%
218,Effusi Pleura,Effu: 1% Infi:93% Pleu: 0%
219,Infilt,Infi:17% Pneu:52%
220,Atelec Pleura,Atel: 0% Pleu: 3%
221,Emphys,Emph: 3%
222,Nodule,Nodu: 5% Pneu:53%
223,Mass Pneumo,Effu:55% Mass:16% Pneu: 1%
224,Mass,Mass: 7% Nodu:59%
225,Edema Infilt,Edem: 0% Infi:70%
226,Effusi Infilt,Effu: 1% Infi: 6% Pneu:60%
227,Atelec Pneumo,Atel: 0% Infi:62% Pneu: 7%
228,Infilt Mass,Infi: 1% Mass: 2% Pneu:92%
229,Infilt,Infi: 5%
230,Effusi Mass,Effu: 0% Mass: 7% Pneu:88%
231,Infilt,Infi:12%
232,Emphys Mass,Emph: 0% Mass:14%
233,Atelec Nodule,Atel: 2% Mass:57% Nodu: 8%
234,Effusi,Effu:44%
235,Mass,Mass:52%
236,Effusi,Effu: 1%
237,Infilt Mass,Infi:26% Mass:42%
238,Emphys,Emph: 1%
239,Effusi Mass Nodule Pleura,Effu: 0% Mass: 5% Nodu: 4% Pleu: 1%
240,Effusi Infilt,Effu: 5% Infi:35%
241,Infilt,Infi:77%
242,Infilt,Infi:91%
243,Atelec,Atel: 2%
244,Infilt,Infi:91%
245,Edema Infilt,Edem: 2% Infi: 6%
246,Effusi,Effu: 1%
247,Infilt Nodule,Infi: 2% Nodu:11% Pneu:72%
248,Effusi Infilt,Effu: 0% Infi:85%
249,Atelec Effusi,Atel: 0% Effu: 3%
250,Effusi Pneumo,Effu: 9% Pneu:16%
251,Effusi,Effu: 0% Mass:53%
252,Effusi,Effu:21%
253,Effusi Infilt,Effu: 1% Infi:64%
254,Consol,Cons: 0% Infi:94%
255,Cardio,Card: 1%
256,Nodule,Nodu: 0% Pneu:86%
257,Infilt,Infi: 4%
258,Effusi Fibros Mass Nodule,Effu: 1% Fibr: 1% Mass:13% Nodu: 2% Pneu:69%
259,Effusi Infilt,Effu: 0% Infi:16% Pneu:75%
260,Atelec,Atel: 0% Pneu:62%
261,Pneumo,Infi:51% Pneu: 9%
262,Infilt,Infi:10% Pneu:63%
263,Nodule,Infi:97% Nodu: 0%
264,Mass,Mass:18%
265,Atelec Effusi,Atel: 0% Effu: 0%
266,Nodule,Nodu: 8%
267,Consol Infilt Mass,Cons: 3% Infi: 5% Mass: 5%
268,Emphys,Emph: 0%
269,Infilt,Infi:57%
270,Infilt,Infi:17%
271,Effusi Infilt,Effu:33% Infi: 2%
272,Effusi,Effu: 0%
273,Infilt,Infi:14% Pneu:76%
274,Nodule,Nodu:15%
275,Infilt,Infi:53%
276,Effusi Nodule Pneumo,Effu: 0% Nodu: 8% Pneu:15%
277,Atelec,Atel: 6% Pneu:54%
278,Infilt,Infi:17%
279,Infilt Pneumo,Infi:36% Pneu: 1%
280,Consol Nodule,Cons: 8% Nodu: 9%
281,Infilt Nodule,Infi:95% Nodu: 2%
282,Atelec Nodule,Atel: 1% Nodu: 7%
283,Atelec Consol Effusi,Atel: 0% Cons: 0% Effu:11% Infi:72%
284,Nodule,Nodu:29%
285,Infilt,Infi:45%
286,Atelec Effusi,Atel: 2% Effu: 5% Nodu:51%
287,Atelec Effusi,Atel: 1% Effu: 8%
288,Emphys Infilt Mass Pneumo,Emph: 0% Infi:36% Mass:15% Pneu:24%
289,Effusi,Effu: 0%
290,Infilt,Infi: 2% Pneu:58%
291,Effusi Mass Nodule,Effu: 0% Mass:43% Nodu: 5%
292,Effusi Mass,Effu: 5% Mass:20%
293,Atelec Infilt,Atel: 1% Infi: 1% Pneu:90%
294,Nodule,Nodu: 3%
295,Consol,Cons: 0%
296,Infilt,Infi: 2% Pneu:68%
297,Effusi Infilt,Effu: 0% Infi: 1% Mass:62%
298,Infilt Pneumo,Infi:93% Pneu: 0%
299,Cardio Effusi,Card: 0% Effu:22%
300,Pleura,Mass:60% Pleu: 0%
301,Atelec Infilt Pleura,Atel: 0% Infi: 1% Pleu:10%
302,Effusi,Effu: 1%
303,Effusi,Effu: 1%
304,Atelec,Atel: 2%
305,Atelec,Atel:15%
306,Infilt,Infi: 1% Nodu:52%
307,Pneumo,Infi:72% Pneu: 2%
308,Effusi,Effu: 0% Pneu:56%
309,Effusi Nodule,Effu: 2% Nodu: 4%
310,Nodule,Nodu: 1% Pneu:75%
311,Effusi,Effu: 6% Infi:74%
312,Consol Infilt Mass,Cons: 2% Infi:19% Mass:13%
313,Mass Nodule Pneumo,Mass:50% Nodu:10% Pneu:11%
314,Effusi Infilt,Effu:11% Infi: 3%
315,Infilt,Infi:68%
316,Nodule,Nodu:72%
317,Nodule,Infi:85% Nodu: 5%
318,Effusi Nodule,Effu: 0% Nodu: 9%
319,Atelec,Atel: 0% Infi:89%
320,Infilt Nodule Pleura,Infi:27% Nodu: 7% Pleu: 0%
321,Infilt,Effu:100% Infi: 0%
322,Effusi,Effu: 2%
323,Atelec Infilt,Atel: 0% Infi:38%
324,Infilt,Infi:15%
325,Emphys Pneumo Pneumo,Emph: 0% Nodu:60% Pneu: 0% Pneu: 4%
326,Effusi,Effu: 1%
327,Atelec Pneumo,Atel: 1% Pneu:15%
328,Pneumo,Pneu:55%
329,Atelec Consol Effusi,Atel: 8% Cons: 1% Effu:13%
330,Pleura,Pleu: 1%
331,Effusi,Effu: 0% Pneu:59%
332,Infilt,Effu:80% Infi: 9%
333,Infilt,Infi:67%
334,Nodule,Effu:71% Nodu: 8%
335,Cardio Effusi,Card: 0% Effu:18%
336,Edema,Edem: 1%
337,Infilt,Infi:34%
338,Effusi,Effu: 1%
339,Mass,Mass:12%
340,Infilt,Infi:47%
341,Effusi Pneumo,Effu: 0% Mass:53% Pneu:39%
342,Infilt,Infi:40%
343,Atelec Effusi Pleura,Atel: 0% Effu: 5% Pleu: 9%
344,Atelec,Atel: 1%
345,Atelec Infilt,Atel: 2% Infi: 2%
346,Effusi,Effu: 0% Infi:54%
347,Pleura,Pleu: 1%
348,Infilt,Infi: 7%
349,Infilt,Infi:77%
350,Infilt,Infi:20%
351,Mass Pleura,Mass: 9% Pleu: 5%
352,Emphys Pneumo,Emph: 0% Infi:68% Pneu: 9%
353,Nodule Pleura,Nodu: 3% Pleu: 0%
354,Infilt,Infi:22%
355,Effusi Mass,Effu: 3% Mass: 7%
356,Infilt,Infi:12%
357,Atelec,Atel: 0%
358,Pneumo,Pneu:29%
359,Effusi Infilt,Effu: 1% Infi: 2%
360,Atelec,Atel: 0%
361,Emphys Pneumo,Emph: 0% Infi:55% Pneu:34%
362,Consol Infilt,Cons: 0% Infi: 2% Pneu:66%
363,Emphys Pneumo,Emph: 1% Pneu:59%
364,Effusi Infilt,Effu: 5% Infi:13%
365,Effusi Infilt,Effu: 2% Infi:49%
366,Infilt,Infi: 9% Pneu:80%
367,Mass Nodule,Mass: 4% Nodu:10% Pneu:57%
368,Infilt,Infi:48%
369,Mass,Mass: 6%
370,Consol,Cons: 2% Infi:67%
371,Cardio,Card: 0% Infi:52%
372,Fibros Pleura,Fibr: 1% Pleu: 0% Pneu:50%
373,Atelec,Atel: 1% Infi:56%
374,Mass,Infi:53% Mass: 7%
375,Effusi Infilt,Effu: 6% Infi: 0%
376,Infilt Nodule,Infi:26% Nodu:16%
377,Infilt,Infi: 8% Mass:58%
378,Infilt,Infi: 1% Pneu:56%
379,Effusi Infilt Pneumo,Effu:26% Infi: 1% Mass:58% Pneu:11%
380,Effusi Infilt,Effu: 3% Infi: 8%
381,Effusi Emphys Pneumo,Effu: 0% Emph: 0% Mass:54% Pneu: 1%
382,Pneumo,Infi:66% Pneu: 2%
383,Infilt,Infi:90%
384,Atelec,Atel: 0% Nodu:53%
385,Nodule Pneumo,Mass:70% Nodu: 3% Pneu: 7%
386,Edema,Edem: 0% Nodu:54%
387,Infilt,Infi: 1% Nodu:61%
388,Infilt,Infi:22%
389,Consol,Cons: 1% Mass:52%
390,Mass Pleura,Mass: 7% Pleu: 0%
391,Edema Infilt,Edem: 0% Infi:87%
392,Infilt,Infi: 1% Pneu:78%
393,Infilt,Infi:68%
394,Effusi Mass,Effu: 1% Mass: 2%
395,Cardio Effusi,Card: 1% Effu:33%
396,Infilt,Infi:80%
397,Atelec Pneumo,Atel: 0% Infi:62% Pneu: 2%
398,Consol Nodule,Cons: 0% Infi:66% Nodu: 8%
399,Nodule,Nodu:39%
400,Cardio Effusi Mass Pneumo,Card: 1% Effu:13% Mass:59% Pneu: 7%
401,Infilt,Infi:15%
402,Infilt,Infi: 0% Pneu:60%
403,Consol Effusi,Cons: 1% Effu: 2% Infi:88%
404,Nodule,Nodu:18%
405,Consol,Cons: 4%
406,Pneumo,Pneu: 4%
407,Pneumo,Pneu: 9%
408,Cardio Effusi,Card: 1% Effu: 8% Mass:51%
409,Atelec,Atel: 0% Infi:75%
410,Pneumo,Pneu:39%
411,Atelec Pleura,Atel: 3% Pleu: 1%
412,Mass,Mass:26%
413,Emphys Infilt,Emph: 0% Infi:22%
414,Mass Pleura,Infi:88% Mass: 0% Pleu: 0%
415,Infilt,Infi: 1%
416,Pneumo,Pneu:45%
417,Mass,Mass:44%
418,Emphys Pleura Pneumo,Emph: 0% Infi:98% Pleu: 0% Pneu: 0%
419,Infilt,Infi:74%
420,Consol,Cons: 0% Infi:93%
421,Effusi,Effu: 2%
422,Atelec Infilt,Atel: 0% Infi: 6% Pneu:50%
423,Effusi Infilt,Effu: 2% Infi:80%
424,Infilt,Infi:24% Mass:52%
425,Infilt,Infi:50%
426,Atelec,Atel: 0%
427,Infilt,Infi:11%
428,Atelec Consol Effusi Mass,Atel: 0% Cons: 0% Effu: 0% Mass:34%
429,Cardio Effusi,Card: 0% Effu: 9% Mass:62%
430,Effusi Infilt,Effu: 6% Infi:13% Nodu:56%
431,Consol Effusi Pneumo,Cons: 8% Effu:20% Pneu: 9%
432,Atelec Effusi Infilt,Atel: 1% Effu: 0% Infi:29%
433,Atelec Consol,Atel: 6% Cons: 4%
434,Nodule,Nodu:26%
435,Infilt,Effu:100% Infi: 0%
436,Mass Pneumo,Infi:72% Mass:20% Pneu: 1%
437,Atelec,Atel: 0%
438,Atelec Emphys Infilt Nodule Pneumo,Atel: 2% Emph: 0% Infi:11% Nodu:45% Pneu: 8%
439,Cardio Consol Effusi,Card: 0% Cons: 0% Effu: 1% Mass:52%
440,Atelec,Atel: 1%
441,Effusi Infilt Mass,Effu: 0% Infi:68% Mass:15%
442,Infilt,Infi:10%
443,Effusi,Effu:16%
444,Consol Effusi Infilt,Cons: 1% Effu: 3% Infi:21%
445,Effusi,Effu: 2% Pneu:52%
446,Consol Infilt,Cons: 2% Infi:67%
447,Cardio Edema Infilt Nodule,Card: 0% Edem: 2% Infi:58% Nodu:12%
448,Effusi,Effu: 7% Infi:61%
449,Effusi,Effu: 1% Mass:77%
450,Effusi Infilt,Effu: 0% Infi:11% Pneu:63%
451,Cardio Effusi,Card: 1% Effu: 5% Pleu:51%
452,Infilt,Infi:91%
453,Effusi Pleura,Effu: 1% Infi:87% Pleu: 0%
454,Infilt Nodule,Infi: 1% Nodu:13% Pneu:75%
455,Nodule,Nodu:14%
456,Nodule,Nodu:55%
457,Effusi Infilt,Effu: 3% Infi:27%
458,Effusi,Effu: 0% Fibr:60%
459,Atelec Effusi Infilt Pneumo,Atel: 2% Effu:15% Infi: 0% Pneu: 9%
460,Infilt,Infi: 4%
461,Effusi Infilt Nodule Pneumo,Effu: 0% Infi:80% Nodu:12% Pneu: 1%
462,Cardio Consol Infilt,Card: 0% Cons: 2% Infi:71%
463,Infilt,Infi:51%
464,Cardio,Card: 0%
465,Infilt,Infi:15%
466,Atelec,Atel: 2% Pneu:57%
467,Pneumo,Mass:67% Pneu:26%
468,Infilt,Infi: 5%
469,Infilt,Infi:90%
470,Infilt,Infi: 0% Mass:60%
471,Nodule,Nodu:15%
472,Infilt Pneumo,Infi:33% Pneu: 1%
473,Atelec Nodule,Atel: 0% Nodu:13%
474,Infilt,Infi:16%
475,Consol,Cons: 1%
476,Nodule,Infi:60% Nodu:20%
477,Infilt,Infi:19%
478,Cardio Infilt,Card: 0% Infi: 5%
479,Pneumo,Pneu: 7%
480,Atelec,Atel: 7% Effu:58%
481,Infilt Mass,Infi:12% Mass:14% Pneu:54%
482,Effusi,Effu: 0%
483,Atelec,Atel: 0%
484,Effusi Infilt,Effu: 2% Infi: 0% Pneu:63%
485,Infilt,Infi: 0% Pneu:50%
486,Pneumo,Pneu: 2% Pneu:84%
487,Infilt,Infi:98%
488,Edema,Edem: 1% Infi:62%
489,Infilt,Infi:80%
490,Infilt Nodule,Infi: 2% Nodu:47%
491,Infilt,Infi:10%
492,Cardio Effusi,Card: 0% Effu: 1% Pneu:68%
493,Infilt,Infi:31%
494,Effusi,Effu: 1%
495,Infilt,Infi:12%
496,Pneumo,Infi:52% Pneu:33%
497,Infilt,Infi:54%
498,Pneumo,Pneu:60% Pneu: 5%
499,Infilt Mass,Infi:40% Mass: 5% Pneu:50%
500,Infilt,Infi: 7% Pneu:52%
501,Infilt,Infi:96%
502,Pneumo,Mass:52% Pneu:24%
503,Nodule Pneumo,Nodu:12% Pneu:10%
504,Effusi Infilt,Effu: 0% Infi:57%
505,Atelec Consol Effusi,Atel: 1% Cons: 2% Effu: 0%
506,Effusi Pneumo,Effu: 6% Pneu:34%
507,Emphys,Emph: 3%
508,Cardio Effusi,Card: 0% Effu: 0%
509,Cardio Consol Effusi,Card: 1% Cons:35% Effu: 4%
510,Pleura,Pleu:25%
511,Effusi,Effu: 1% Infi:72%
512,Infilt,Infi:26% Pneu:68%
513,Effusi Infilt,Effu: 0% Infi:32% Pneu:64%
514,Edema Effusi Infilt,Edem: 0% Effu: 1% Infi:67%
515,Fibros,Fibr: 0% Mass:56%
516,Pleura,Pleu: 0% Pneu:62%
517,Infilt,Infi:70%
518,Atelec Infilt,Atel: 2% Infi:18%
519,Infilt,Infi:31%
520,Nodule,Nodu: 3% Pneu:60%
521,Atelec,Atel:10%
522,Mass Nodule,Infi:81% Mass: 2% Nodu: 2%
523,Infilt,Infi:15% Nodu:60%
524,Effusi Fibros,Effu: 3% Fibr: 1% Mass:51%
525,Pneumo,Pneu: 0% Pneu:90%
526,Emphys,Emph: 2% Pneu:52%
527,Pleura,Pleu: 5%
528,Effusi,Effu: 2% Infi:64%
529,Infilt,Infi:77%
530,Mass Pneumo,Mass: 1% Pneu:85%
531,Atelec,Atel: 1% Pneu:85%
532,Infilt,Infi:72%
533,Nodule,Infi:75% Nodu:20%
534,Atelec Infilt,Atel: 1% Infi: 2% Pneu:84%
535,Effusi,Effu: 4% Pneu:65%
536,Infilt,Infi:56%
537,Atelec,Atel: 0%
538,Atelec Effusi,Atel: 7% Effu: 0% Pneu:62%
539,Infilt,Infi:11%
540,Atelec Effusi Pleura Pneumo,Atel: 1% Effu: 2% Pleu: 1% Pneu:10%
541,Atelec Cardio Effusi,Atel: 0% Card: 0% Effu: 5% Infi:91%
542,Infilt,Infi:40%
543,Infilt,Infi: 1%
544,Atelec,Atel: 0%
545,Infilt,Infi:13%
546,Atelec,Atel: 0% Infi:61%
547,Infilt,Infi: 9%
548,Atelec Edema Effusi Pneumo,Atel: 0% Edem: 0% Effu: 1% Infi:67% Pneu: 0%
549,Atelec Consol Effusi Emphys Nodule Pneumo,Atel: 2% Cons: 1% Effu: 3% Emph: 0% Nodu:12% Pneu:22%
550,Infilt,Infi:56%
551,Atelec,Atel: 0% Infi:98%
552,Atelec,Atel: 0%
553,Infilt,Infi:95%
554,Consol Mass Nodule Pneumo,Cons: 1% Infi:67% Mass: 6% Nodu:17% Pneu: 1%
555,Infilt Pleura,Infi:26% Mass:58% Pleu: 0%
556,Infilt,Infi:51%
557,Effusi Infilt,Effu:10% Infi:58%
558,Effusi,Effu:54%
559,Infilt,Infi: 1% Pneu:74%
560,Infilt,Infi: 0% Pleu:79%
561,Consol Infilt Pleura,Cons: 4% Infi:11% Pleu: 5%
562,Infilt,Infi: 3%
563,Atelec Effusi,Atel: 0% Effu: 2% Nodu:56%
564,Atelec Effusi Infilt,Atel: 0% Effu:17% Infi: 1%
565,Edema Effusi Infilt,Edem: 2% Effu: 3% Infi:31%
566,Nodule,Nodu:11% Pneu:52%
567,Nodule,Nodu:35%
568,Effusi,Effu:16% Mass:57%
569,Mass,Mass:28%
570,Infilt,Infi:24%
571,Effusi Infilt,Effu: 2% Infi:86%
572,Infilt Nodule,Infi: 2% Mass:66% Nodu:22%
573,Nodule,Infi:71% Nodu:10%
574,Consol,Cons: 1% Infi:56%
575,Infilt,Infi:33%
576,Infilt,Infi:76%
577,Pleura,Infi:61% Pleu: 0%
578,Nodule,Nodu:23%
579,Infilt,Infi:36%
580,Effusi Mass,Effu: 5% Mass:15%
581,Pneumo,Effu:61% Pneu: 0%
582,Emphys,Emph:12%
583,Atelec Effusi Infilt,Atel: 4% Effu: 3% Infi: 2%
584,Atelec Emphys,Atel: 0% Emph: 1%
585,Consol,Cons: 4%
586,Atelec Edema,Atel: 7% Edem: 1%
587,Nodule,Nodu:46%
588,Atelec Effusi,Atel: 0% Effu:19%
589,Edema Effusi Infilt,Edem: 0% Effu: 6% Infi:88%
590,Pleura Pneumo,Infi:70% Pleu: 0% Pneu:22%
591,Pneumo,Pneu:44%
592,Infilt,Infi:29%
593,Emphys,Emph: 3%
594,Atelec Consol,Atel: 0% Cons: 0%
595,Nodule,Nodu: 6%
596,Effusi Infilt,Effu: 5% Infi:14% Nodu:68%
597,Consol,Cons:13%
598,Atelec,Atel: 0% Mass:57%
599,Infilt Mass,Infi:18% Mass:42%
600,Atelec Effusi,Atel: 3% Effu:65%
601,Nodule,Effu:52% Nodu:11%
602,Infilt Nodule,Infi:35% Nodu:11%
603,Emphys,Emph: 2% Mass:65%
604,Infilt Pneumo,Infi: 3% Pneu: 1%
605,Emphys,Emph: 3% Mass:52%
606,Pneumo,Pneu: 2%
607,Mass Nodule,Mass:23% Nodu:13%
608,Atelec,Atel: 0% Infi:51%
609,Infilt,Infi: 0%
610,Consol Infilt,Cons: 1% Infi: 3%
611,Cardio,Card: 0%
612,Pneumo,Infi:57% Pneu: 1%
613,Atelec Consol,Atel: 3% Cons: 1% Pneu:82%
614,Infilt,Infi:90%
615,Effusi Emphys Pneumo,Effu:63% Emph: 4% Pneu: 2%
616,Edema Infilt Nodule,Edem: 1% Infi: 1% Nodu: 6%
617,Pneumo,Infi:91% Pneu: 0%
618,Mass,Infi:78% Mass: 7%
619,Infilt,Infi:79%
620,Consol Edema Infilt,Cons: 0% Edem: 0% Infi:71%
621,Infilt,Infi:67%
622,Edema,Edem: 0% Infi:87%
623,Infilt,Infi: 1%
624,Infilt,Infi: 4%
625,Atelec,Atel: 0% Nodu:54%
626,Pleura,Infi:89% Pleu: 0%
627,Infilt,Infi:49%
628,Infilt,Infi:65%
629,Infilt,Infi: 2%
630,Infilt,Infi: 1% Mass:89%
631,Infilt,Infi:27%
632,Fibros,Fibr: 1%
633,Effusi Infilt,Effu: 0% Infi: 2% Pneu:85%
634,Emphys,Emph: 1%
635,Atelec,Atel: 0%
636,Atelec,Atel: 1%
637,Consol Infilt,Cons: 0% Infi:73%
638,Atelec Pneumo,Atel: 0% Pneu:14%
639,Atelec Effusi Infilt,Atel: 0% Effu: 2% Infi:95%
640,Infilt,Infi:68%
641,Cardio Effusi,Card: 0% Effu: 7% Infi:67%
642,Infilt,Infi:26%
643,Atelec Cardio Infilt,Atel: 3% Card: 0% Effu:54% Infi: 0%
644,Cardio Infilt,Card: 0% Infi:51%
645,Atelec Cardio Effusi,Atel: 0% Card: 0% Effu: 0% Pneu:77%
646,Pneumo,Pneu:45%
647,Nodule,Nodu: 1% Pneu:77%
648,Infilt,Infi:27%
649,Nodule,Nodu: 5% Pneu:69%
650,Atelec,Atel: 0% Pneu:53%
651,Atelec,Atel: 0% Nodu:51%
652,Emphys Pneumo,Emph: 3% Pneu:30%
653,Mass,Mass:15%
654,Mass,Mass: 6% Pneu:56%
655,Atelec Pleura,Atel: 0% Pleu: 0% Pneu:73%
656,Cardio Infilt,Card: 0% Infi:28%
657,Mass,Mass:88%
658,Effusi,Effu: 1%
659,Atelec,Atel: 7%
660,Pneumo,Pneu: 5%
661,Infilt,Infi:80%
662,Cardio,Card: 0%
663,Atelec Effusi,Atel: 0% Effu: 0% Mass:75%
664,Atelec Consol,Atel: 0% Cons: 8%
665,Atelec,Atel: 3% Nodu:50%
666,Cardio Effusi Infilt,Card: 0% Effu:10% Infi: 1%
667,Effusi,Effu:66%
668,Infilt Nodule,Infi:79% Nodu: 3%
669,Nodule,Nodu:11%
670,Effusi,Effu:34%
671,Nodule Pneumo,Nodu:32% Pneu:24%
672,Infilt,Infi: 1% Pneu:51%
673,Effusi,Effu:27%
674,Nodule,Nodu:51%
675,Mass,Mass: 1% Pneu:76%
676,Infilt Pleura,Effu:100% Infi: 0% Pleu: 0%
677,Atelec,Atel: 9%
678,Effusi,Effu: 1% Infi:58%
679,Fibros,Fibr: 0% Infi:61%
680,Cardio,Card: 0% Infi:83%
681,Infilt,Infi: 0% Mass:59%
682,Infilt,Infi:15%
683,Atelec Effusi Infilt,Atel: 0% Effu:14% Infi:11%
684,Effusi,Effu: 0%
685,Cardio Effusi,Card: 0% Effu: 1%
686,Atelec Effusi,Atel: 0% Effu:18%
687,Consol Pleura,Cons: 0% Mass:63% Pleu: 0%
688,Nodule,Nodu:26%
689,Cardio,Card: 0% Infi:58%
690,Effusi,Effu: 1%
691,Pneumo,Pneu: 4%
692,Nodule,Nodu: 7% Pneu:83%
693,Atelec Pneumo,Atel: 0% Pneu: 1%
694,Effusi,Effu: 5%
695,Fibros,Fibr: 0% Mass:56%
696,Fibros Infilt,Fibr: 3% Infi:12%
697,Fibros,Fibr: 2%
698,Atelec,Atel: 2% Nodu:56%
699,Edema Infilt,Edem: 0% Infi:52%
700,Pneumo,Pneu:11%
701,Consol,Cons: 3%
702,Consol,Cons: 4%
703,Effusi Pleura,Effu: 8% Pleu:18%
704,Pleura,Pleu: 0% Pneu:50%
705,Atelec,Atel: 8%
706,Consol Effusi Pneumo,Cons: 2% Effu: 0% Pneu:27%
707,Atelec,Atel: 0% Mass:62%
708,Edema,Edem: 3%
709,Effusi,Effu: 0%
710,Cardio,Card: 0% Infi:84%
711,Effusi,Effu:17%
712,Infilt,Infi: 5%
713,Atelec,Atel: 1% Pneu:58%
714,Atelec Effusi,Atel: 4% Effu: 1%
715,Atelec Cardio Effusi Fibros Infilt,Atel: 0% Card: 1% Effu:11% Fibr: 1% Infi:28%
716,Atelec Infilt,Atel: 0% Infi:23%
717,Infilt,Infi:26% Nodu:57%
718,Infilt,Infi:11%
719,Infilt,Infi:55%
720,Consol Infilt Nodule Pneumo,Cons: 0% Infi:64% Nodu:23% Pneu: 1%
721,Nodule,Nodu:20%
722,Effusi,Effu: 0% Pneu:61%
723,Pleura Pneumo,Infi:65% Pleu: 0% Pneu: 0%
724,Consol Pneumo,Cons: 2% Pneu: 0% Pneu:58%
725,Atelec,Atel: 0% Infi:97%
726,Atelec Consol,Atel: 0% Cons: 2%
727,Effusi Emphys,Effu: 1% Emph: 1%
728,Atelec Edema,Atel: 0% Edem: 0%
729,Effusi,Effu: 1% Pneu:65%
730,Effusi Infilt,Effu: 2% Infi:14%
731,Nodule,Nodu:27%
732,Pleura,Pleu: 0% Pneu:95%
733,Cardio,Card: 0%
734,Fibros,Fibr: 0% Nodu:71%
735,Infilt Pleura Pneumo,Infi: 0% Pleu:18% Pneu:11%
736,Pleura,Nodu:63% Pleu: 2%
737,Effusi,Effu: 0% Mass:86%
738,Infilt,Infi: 1% Mass:54%
739,Infilt,Infi: 0%
740,Effusi Pleura,Effu: 0% Mass:60% Pleu: 0%
741,Infilt,Infi:18% Mass:55%
742,Effusi,Effu: 2% Infi:53%
743,Hernia,Hern: 0%
744,Pneumo,Effu:52% Pneu: 9%
745,Pneumo,Pneu:25%
746,Edema Infilt,Edem: 1% Infi:56%
747,Effusi Mass,Effu: 0% Mass:58%
748,Consol Infilt,Cons: 0% Infi: 9% Mass:63%
749,Infilt,Infi: 1%
750,Edema Effusi Infilt,Edem: 0% Effu: 1% Infi:13% Pneu:62%
751,Mass Nodule,Mass:50% Nodu: 9%
752,Atelec,Atel: 1%
753,Atelec Infilt,Atel: 7% Infi:50%
754,Consol,Cons: 3%
755,Effusi,Effu: 3%
756,Atelec Effusi Infilt,Atel:61% Effu: 4% Infi: 0%
757,Infilt,Infi: 5%
758,Infilt,Infi: 0%
759,Edema,Edem: 0%
760,Emphys,Emph: 0%
761,Effusi,Effu: 1%
762,Atelec Pneumo,Atel:21% Pneu:45%
763,Edema,Edem: 0% Infi:63%
764,Atelec,Atel: 0% Mass:81%
765,Emphys,Emph: 1%
766,Consol,Cons: 0%
767,Nodule,Nodu:55%
768,Atelec,Atel:11%
769,Atelec Effusi,Atel: 0% Effu:23%
770,Pneumo,Pneu: 5%
771,Atelec Infilt,Atel: 3% Infi: 4% Pneu:71%
772,Atelec,Atel: 0%
773,Atelec Cardio Effusi Fibros Nodule,Atel: 0% Card: 0% Effu: 0% Fibr: 0% Nodu: 4% Pneu:80%
774,Atelec,Atel:12%
775,Mass,Infi:54% Mass:25%
776,Infilt Nodule,Infi:15% Nodu: 1%
777,Infilt,Infi:13% Nodu:59%
778,Effusi,Effu:10%
779,Atelec Effusi Infilt,Atel: 3% Effu:43% Infi:10%
780,Effusi,Effu: 4% Nodu:77%
781,Infilt,Effu:73% Infi: 6%
782,Effusi Infilt,Effu:42% Infi: 0%
783,Consol,Cons: 0% Pneu:74%
784,Infilt,Infi: 0% Pneu:58%
785,Infilt Nodule,Infi: 2% Mass:58% Nodu: 5%
786,Mass,Effu:62% Mass: 0%
787,Infilt,Infi:12%
788,Infilt,Infi:80%
789,Fibros,Fibr: 1% Pneu:76%
790,Infilt,Infi:56%
791,Effusi,Effu:30%
792,Effusi Infilt,Effu: 2% Infi:28%
793,Edema Infilt,Edem: 0% Infi: 5%
794,Consol,Cons: 0% Infi:90%
795,Infilt,Infi:82%
796,Infilt,Infi:62%
797,Infilt Nodule,Infi:53% Nodu:33%
798,Infilt,Infi: 5%
799,Atelec,Atel: 0%
800,Atelec,Atel: 7%
801,Cardio,Card: 0%
802,Atelec Consol Effusi,Atel: 0% Cons: 2% Effu: 7% Infi:86%
803,Atelec,Atel: 1%
804,Emphys Infilt Pleura,Emph: 0% Infi:81% Pleu: 0%
805,Consol,Cons: 0% Effu:100%
806,Infilt,Infi:11%
807,Cardio,Card: 0% Pleu:67%
808,Edema,Edem: 0%
809,Infilt,Infi: 7%
810,Infilt,Infi:59%
811,Atelec,Atel: 0%
812,Cardio Effusi,Card: 0% Effu: 0% Pneu:59%
813,Infilt,Infi:26%
814,Cardio Effusi,Card: 0% Effu:29%
815,Mass,Mass: 8% Pneu:79%
816,Infilt,Infi:29%
817,Fibros Pleura,Fibr: 0% Pleu: 0% Pneu:56%
818,Mass,Mass: 7% Pneu:76%
819,Pleura,Pleu: 0%
820,Cardio Effusi Pneumo,Card: 0% Effu: 1% Pneu:23%
821,Cardio,Card: 0% Infi:87%
822,Fibros Nodule,Fibr: 0% Infi:92% Nodu: 4%
823,Emphys,Emph: 4% Mass:54%
824,Effusi,Effu: 2%
825,Atelec,Atel: 0% Pneu:50%
826,Effusi,Effu: 0% Pneu:93%
827,Atelec,Atel: 0% Infi:58%
828,Effusi,Effu: 4%
829,Cardio,Card: 0% Infi:56%
830,Atelec Consol Effusi,Atel: 0% Cons: 0% Effu: 3%
831,Infilt,Infi:89%
832,Infilt,Infi: 0%
833,Mass,Infi:56% Mass:17%
834,Effusi,Effu: 1% Pneu:59%
835,Mass Pneumo,Mass: 1% Pneu:71%
836,Fibros,Fibr: 1%
837,Cardio,Card: 0%
838,Effusi,Effu: 9%
839,Effusi Infilt Nodule,Effu: 2% Infi:30% Nodu:30%
840,Nodule,Nodu: 4% Pneu:66%
841,Fibros Infilt,Fibr: 0% Infi: 8% Pneu:73%
842,Infilt,Infi:46%
843,Emphys,Emph: 9%
844,Consol,Cons: 0% Mass:53%
845,Fibros,Fibr: 6% Pneu:75%
846,Infilt,Infi: 3%
847,Atelec,Atel: 0% Infi:65%
848,Atelec,Atel: 0% Infi:91%
849,Consol Mass,Cons: 1% Mass:29%
850,Consol Pleura,Cons: 0% Pleu: 0% Pneu:84%
851,Cardio Consol,Card: 0% Cons: 1%
852,Consol,Cons: 0% Mass:61%
853,Cardio Consol,Card: 0% Cons: 1% Pneu:61%
854,Effusi,Effu: 3%
855,Effusi,Effu: 1%
856,Mass,Mass:21% Pneu:67%
857,Effusi,Effu: 0% Pneu:51%
858,Cardio Consol,Card: 0% Cons: 0%
859,Infilt,Infi:83%
860,Infilt,Infi:48%
861,Infilt Nodule,Infi:57% Nodu:26%
862,Infilt,Infi: 0% Pneu:83%
863,Atelec Consol Effusi,Atel: 0% Cons: 1% Effu: 2% Emph:52%
864,Pneumo,Pneu:53%
865,Atelec,Atel:13%
866,Cardio Effusi,Card: 0% Effu: 2% Mass:63%
867,Effusi,Effu: 4%
868,Atelec,Atel: 0% Infi:93%
869,Infilt,Infi: 1%
870,Mass,Mass:12%
871,Fibros Pleura,Fibr: 1% Pleu: 0% Pneu:69%
872,Infilt,Infi:68%
873,Emphys Infilt,Effu:100% Emph: 0% Infi: 0%
874,Emphys Pneumo,Emph: 9% Pneu:50%
875,Cardio Emphys,Card: 0% Emph: 0% Pneu:74%
876,Pneumo,Infi:72% Pneu: 3%
877,Infilt,Infi: 0%
878,Infilt Pleura,Infi: 0% Pleu: 2%
879,Effusi,Effu: 0% Pneu:86%
880,Mass Nodule,Infi:87% Mass: 7% Nodu: 4%
881,Effusi,Effu: 0% Pneu:80%
882,Nodule,Mass:53% Nodu: 5%
883,Atelec Consol,Atel: 0% Cons: 0% Pneu:74%
884,Pneumo,Pneu: 5%
885,Edema Infilt,Edem: 0% Infi:15%
886,Pleura,Pleu: 0%
887,Cardio Infilt,Card: 0% Infi:37%
888,Emphys Pleura,Emph: 0% Infi:52% Pleu: 0%
889,Effusi,Effu: 1% Pneu:56%
890,Infilt,Infi:24%
891,Mass,Mass:34%
892,Infilt,Infi:54%
893,Infilt,Infi:12% Mass:60%
894,Effusi,Effu: 8% Infi:75%
895,Pneumo,Pneu: 1%
896,Atelec,Atel:23%
897,Infilt,Infi: 1% Pneu:94%
898,Pleura,Nodu:52% Pleu: 1%
899,Infilt,Infi:27% Pneu:58%
900,Atelec Infilt,Atel: 0% Infi:91%
901,Cardio,Card: 0% Pneu:66%
902,Cardio Edema,Card: 0% Edem: 1% Infi:64%
903,Effusi,Effu:100%
904,Atelec,Atel: 0% Mass:63%
905,Infilt,Infi: 2% Pneu:55%
906,Effusi Nodule,Effu: 3% Nodu:41%
907,Infilt,Infi:32% Pneu:53%
908,Atelec Consol,Atel: 1% Cons: 1% Mass:50%
909,Infilt,Infi:53%
910,Effusi Pleura Pneumo,Effu: 5% Nodu:67% Pleu: 0% Pneu: 6%
911,Pleura,Pleu: 0% Pneu:54%
912,Nodule,Nodu:30%
913,Infilt,Infi:87%
914,Atelec,Atel: 1% Pneu:86%
915,Mass Nodule,Mass:16% Nodu:29% Pneu:50%
916,Atelec,Atel: 7%
917,Atelec Infilt,Atel: 0% Infi:18%
918,Mass,Mass:21%
919,Nodule,Nodu:20%
920,Consol,Cons: 0% Infi:75%
921,Pleura,Infi:69% Pleu: 0%
922,Pneumo,Pneu:81%
923,Atelec Effusi Fibros,Atel: 0% Effu: 0% Fibr: 2%
924,Nodule,Nodu: 4%
925,Pneumo,Infi:53% Pneu:13%
926,Mass,Mass: 7%
927,Pleura,Pleu: 4%
928,Infilt Pneumo,Infi:19% Pneu:23%
929,Atelec Infilt,Atel: 1% Infi: 9%
930,Fibros,Fibr: 0%
931,Infilt,Infi: 5% Mass:55%
932,Infilt,Infi: 1%
933,Pneumo,Pneu: 7%
934,Consol Pleura,Cons: 1% Pleu: 2%
935,Effusi Mass Pleura,Effu: 1% Infi:76% Mass: 4% Pleu: 0%
936,Atelec Infilt,Atel: 0% Infi: 6% Pneu:72%
937,Atelec Infilt Pleura,Atel: 0% Infi: 4% Pleu:10%
938,Infilt,Infi:18% Pneu:51%
939,Atelec Infilt,Atel: 9% Infi: 2% Nodu:66%
940,Atelec,Atel:40%
941,Effusi,Effu: 1% Pleu:54%
942,Effusi Pleura,Effu: 7% Pleu: 1%
943,Emphys Mass,Emph: 0% Infi:81% Mass: 2%
944,Infilt,Infi: 0% Pneu:56%
945,Atelec,Atel: 1% Infi:76%
946,Infilt,Infi: 2%
947,Edema,Edem: 0% Infi:63%
948,Emphys,Emph: 0% Infi:83%
949,Cardio Effusi,Card: 0% Effu: 2% Pneu:81%
950,Effusi,Effu: 0% Nodu:61%
951,Infilt,Infi:11%
952,Mass,Mass: 5%
953,Effusi Infilt,Effu: 3% Infi:84%
954,Consol Pneumo,Cons: 1% Pneu:47%
955,Infilt,Infi:18%
956,Consol Effusi,Cons: 0% Effu: 0% Infi:84%
957,Infilt Nodule,Infi:17% Mass:54% Nodu: 6%
958,Infilt,Infi:30%
959,Infilt,Infi: 9%
960,Atelec Mass,Atel: 1% Mass:14%
961,Nodule,Nodu: 3%
962,Atelec Fibros,Atel: 2% Effu:65% Fibr: 0%
963,Cardio Effusi,Card: 1% Effu: 1%
964,Infilt,Infi: 3%
965,Atelec,Atel: 0%
966,Pleura,Pleu:26%
967,Pleura,Pleu:30%
968,Emphys Pneumo,Emph: 2% Pneu:17%
969,Infilt,Infi: 2% Pneu:85%
970,Fibros Infilt,Fibr: 0% Infi:85%
971,Infilt,Infi: 1% Pneu:53%
972,Effusi Nodule,Effu:38% Nodu: 1%
973,Atelec,Atel: 1% Mass:56%
974,Atelec Infilt,Atel: 1% Infi:13%
975,Effusi,Effu: 0% Pneu:55%
976,Cardio Fibros Infilt,Card: 0% Fibr: 0% Infi: 0% Pneu:84%
977,Atelec Infilt,Atel: 1% Infi:62%
978,Infilt,Infi:83%
979,Effusi,Effu:22% Infi:59%
980,Effusi Infilt,Effu: 0% Infi:68%
981,Effusi Pleura,Effu:47% Pleu: 1%
982,Atelec,Atel: 0% Infi:64%
983,Edema Infilt,Edem: 1% Infi:11%
984,Nodule,Nodu:13%
985,Atelec,Atel: 0% Mass:75%
986,Consol,Cons: 2%
987,Atelec Effusi Infilt,Atel: 3% Effu: 7% Infi:21%
988,Pleura,Pleu: 2%
989,Nodule,Mass:53% Nodu: 3%
990,Fibros,Fibr:14% Pneu:59%
991,Mass,Mass:11%
992,Cardio Effusi,Card: 0% Effu: 0% Pneu:66%
993,Infilt,Infi:35%
994,Infilt,Infi: 5%
995,Nodule,Nodu: 4%
996,Infilt,Infi: 7%
997,Infilt Nodule,Infi:87% Nodu: 7%
998,Atelec,Atel: 0%
999,Infilt,Infi:13%
1000,Effusi Infilt,Effu: 4% Infi:12% Mass:56%
1001,Edema,Edem: 0%
1002,Atelec Infilt Pneumo,Atel: 1% Effu:69% Infi:13% Pneu: 9%
1003,Atelec,Atel: 0%
1004,Atelec,Atel: 0%
1005,Effusi,Effu: 6% Mass:65%
1006,Infilt Nodule,Infi: 0% Nodu: 2% Pneu:50%
1007,Edema,Edem: 0% Infi:60%
1008,Infilt,Infi:38%
1009,Fibros,Fibr: 0% Infi:96%
1010,Effusi Infilt Pleura,Effu: 0% Infi: 1% Pleu: 3% Pneu:76%
1011,Infilt Pneumo,Infi:10% Pneu: 8%
1012,Atelec,Atel: 0%
1013,Cardio,Card: 0% Pneu:61%
1014,Infilt Pneumo,Infi:22% Pneu: 8%
1015,Pneumo,Pneu:61%
1016,Pleura,Pleu:48%
1017,Infilt,Infi: 3% Mass:60%
1018,Effusi,Effu:75%
1019,Infilt,Infi:19%
1020,Atelec Consol Infilt Pneumo,Atel: 0% Cons: 2% Infi:31% Pneu: 1%
1021,Effusi,Effu:44%
1022,Cardio Pleura,Card: 0% Pleu: 3%
1023,Mass,Mass:11%
1024,Consol,Cons: 2% Infi:70%
1025,Atelec Effusi Infilt,Atel: 1% Effu: 0% Infi: 3% Pneu:76%
1026,Consol Effusi,Cons: 0% Effu: 1% Infi:52%
1027,Atelec Infilt,Atel: 0% Infi: 2%
1028,Pneumo,Pneu:85%
1029,Infilt,Infi:38%
1030,Pneumo,Pneu:96%
1031,Infilt,Effu:54% Infi: 1%
1032,Atelec Effusi,Atel: 0% Effu: 0% Pneu:73%
1033,Effusi,Effu: 0% Pneu:88%
1034,Cardio,Card: 0% Infi:71%
1035,Mass,Mass:63%
1036,Mass Nodule,Mass:51% Nodu: 9%
1037,Atelec Infilt,Atel: 1% Infi:11%
1038,Mass Nodule,Infi:56% Mass: 3% Nodu:10%
1039,Edema Infilt,Edem: 0% Infi:67%
1040,Atelec Consol Effusi Fibros Pleura,Atel: 1% Cons: 9% Effu:13% Fibr: 0% Pleu: 1%
1041,Pneumo,Pneu:14%
1042,Effusi Infilt,Effu: 0% Infi: 4% Pneu:57%
1043,Hernia Mass,Hern: 1% Mass:10%
1044,Infilt,Infi: 0%
1045,Consol,Cons: 0% Pneu:81%
1046,Effusi Infilt,Effu: 1% Infi:36%
1047,Nodule,Nodu:32%
1048,Atelec,Atel: 0%
1049,Atelec,Atel: 0% Infi:72%
1050,Infilt,Infi:93%
1051,Fibros Infilt Pleura,Fibr: 9% Infi: 0% Pleu: 3%
1052,Infilt,Infi: 7% Mass:77%
1053,Infilt,Infi:83%
1054,Infilt,Infi:97%
1055,Infilt,Infi: 0% Mass:51%
1056,Consol,Cons:11%
1057,Effusi Nodule,Effu:22% Infi:56% Nodu:21%
1058,Infilt,Infi:99%
1059,Atelec,Atel: 0%
1060,Effusi,Effu: 0% Pneu:76%
1061,Pneumo,Pneu:32%
1062,Atelec Infilt,Atel: 0% Infi: 1% Pneu:52%
1063,Atelec Effusi,Atel:11% Effu:11%
1064,Atelec,Atel: 0%
1065,Atelec Edema,Atel: 4% Edem: 0% Pneu:78%
1066,Consol,Cons: 2%
1067,Edema Pneumo,Edem: 0% Pneu: 1% Pneu:79%
1068,Atelec Consol Effusi Infilt Pneumo,Atel: 0% Cons: 2% Effu: 2% Infi: 4% Pneu:38%
1069,Infilt,Infi:84%
1070,Cardio Infilt,Card: 0% Infi:71%
1071,Mass,Infi:61% Mass: 2%
1072,Pneumo,Pneu:49%
1073,Consol Infilt,Cons: 0% Infi:82%
1074,Effusi Mass,Effu: 7% Infi:58% Mass:11%
1075,Cardio Effusi Infilt,Card: 0% Effu: 6% Infi:47%
1076,Cardio Effusi Infilt,Card: 1% Effu: 3% Infi: 1%
1077,Nodule,Nodu: 5%
1078,Atelec,Atel: 2%
1079,Emphys Mass Pneumo,Emph: 0% Mass:27% Nodu:55% Pneu: 2%
1080,Effusi,Effu: 8%
1081,Fibros,Fibr: 0% Mass:70%
1082,Atelec Hernia,Atel: 2% Hern: 0%
1083,Mass,Mass:14% Pneu:76%
1084,Infilt Nodule,Infi: 0% Mass:53% Nodu: 0%
1085,Effusi Infilt,Effu: 4% Infi: 2%
1086,Emphys,Emph: 0%
1087,Infilt,Infi: 2%
1088,Effusi,Effu: 2% Infi:60%
1089,Infilt,Infi: 9%
1090,Infilt,Infi: 3%
1091,Infilt,Infi:95%
1092,Consol Edema Effusi Pneumo,Cons:12% Edem: 4% Effu: 8% Pneu:15%
1093,Pleura,Pleu:11%
1094,Consol Effusi Infilt Pleura,Cons: 1% Effu:32% Infi: 1% Pleu: 9%
1095,Effusi,Effu: 4% Infi:90%
1096,Atelec Infilt,Atel: 1% Infi: 7%
1097,Consol Infilt,Cons: 2% Infi: 2% Pneu:81%
1098,Atelec Infilt,Atel: 0% Infi:21% Pneu:51%
1099,Emphys,Emph: 1% Mass:54%
1100,Effusi Pneumo,Effu: 3% Pneu:36%
1101,Consol,Cons: 0% Infi:79%
1102,Effusi,Effu:57%
1103,Infilt,Infi:16%
1104,Cardio,Card: 1%
1105,Infilt,Infi: 7%
1106,Consol Effusi Infilt,Cons: 0% Effu: 1% Infi:98%
1107,Infilt,Infi:80%
1108,Effusi,Effu: 1% Mass:67%
1109,Effusi,Effu:54%
1110,Cardio,Card: 0% Infi:66%
1111,Consol Effusi,Cons: 8% Effu: 4%
1112,Infilt Pneumo,Infi: 4% Pneu:86%
1113,Effusi,Effu:15%
1114,Emphys,Emph: 1%
1115,Emphys Pneumo,Emph: 1% Pneu:28%
1116,Infilt,Infi:10%
1117,Emphys,Emph: 2%
1118,Cardio Infilt,Card: 0% Infi: 3% Pneu:82%
1119,Infilt,Infi: 1%
1120,Effusi Pleura Pneumo,Effu: 1% Pleu: 0% Pneu:57%
1121,Pleura Pneumo,Pleu: 3% Pneu:11%
1122,Infilt,Infi: 5%
1123,Effusi,Effu: 1%
1124,Infilt,Infi: 4% Mass:73%
1125,Effusi,Effu: 2% Mass:57%
1126,Atelec,Atel:10%
1127,Effusi Nodule,Effu: 5% Infi:65% Nodu:13%
1128,Effusi Infilt,Effu: 2% Infi: 3%
1129,Atelec Emphys Infilt Mass Pneumo,Atel: 0% Emph: 0% Infi: 3% Mass:30% Pneu:17%
1130,Infilt Mass,Infi:16% Mass:20%
1131,Infilt,Infi: 3% Pneu:94%
1132,Consol,Cons: 1% Pneu:54%
1133,Effusi,Effu:45%
1134,Consol Effusi Infilt,Cons: 3% Effu: 5% Infi:13%
1135,Atelec Effusi,Atel: 3% Effu:47%
1136,Cardio,Card: 0% Pneu:56%
1137,Pneumo,Pneu:18%
1138,Mass Pleura,Mass: 9% Pleu: 4% Pneu:55%
1139,Mass,Mass:30%
1140,Consol,Cons: 2% Infi:54%
1141,Effusi,Effu: 1%
1142,Atelec Consol Edema Infilt Pneumo,Atel: 6% Cons: 1% Edem: 0% Infi: 1% Pneu: 0%
1143,Mass,Mass:44%
1144,Atelec Effusi Hernia,Atel: 0% Effu: 1% Hern: 0%
1145,Pneumo,Mass:56% Pneu:35%
1146,Consol,Cons: 7%
1147,Nodule,Infi:93% Nodu: 3%
1148,Atelec,Atel: 5% Pneu:62%
1149,Emphys Mass,Emph: 0% Mass:43%
1150,Effusi,Effu: 2%
1151,Effusi Mass Nodule,Effu: 4% Mass:47% Nodu:11%
1152,Pleura,Pleu: 0%
1153,Infilt,Infi:70%
1154,Atelec,Atel: 0% Infi:65%
1155,Mass Nodule,Mass:37% Nodu:40%
1156,Infilt,Infi:81%
1157,Pleura,Pleu: 1%
1158,Effusi,Effu: 0% Mass:65%
1159,Pleura,Pleu: 1%
1160,Atelec Emphys,Atel: 1% Emph: 0%
1161,Atelec Effusi,Atel: 0% Effu: 4% Infi:53%
1162,Infilt,Infi:15% Mass:67%
1163,Infilt,Infi:46%
1164,Effusi,Effu: 1%
1165,Atelec,Atel: 1% Infi:53%
1166,Fibros,Fibr: 0%
1167,Atelec,Atel: 0% Infi:54%
1168,Atelec Consol Mass Pneumo,Atel:14% Cons: 1% Effu:68% Mass: 1% Pneu: 3%
1169,Effusi Infilt,Effu: 1% Infi:77%
1170,Pneumo,Pneu:68%
1171,Atelec Consol Mass Pneumo,Atel: 0% Cons: 0% Mass:50% Pneu: 0%
1172,Mass,Mass:27%
1173,Consol Infilt,Cons: 2% Infi: 2% Mass:66%
1174,Hernia,Hern: 0%
1175,Pneumo,Nodu:61% Pneu: 6%
1176,Infilt,Infi: 2% Pneu:56%
1177,Mass Nodule Pleura,Mass:28% Nodu: 2% Pleu: 0% Pneu:62%
1178,Emphys,Emph: 0% Pneu:81%
1179,Emphys,Emph: 3% Pneu:66%
1180,Mass,Mass:13%
1181,Emphys Pneumo,Emph: 0% Nodu:57% Pneu: 8%
1182,Nodule Pneumo,Nodu:48% Pneu: 3%
1183,Atelec Effusi Emphys Infilt,Atel: 0% Effu: 1% Emph: 0% Infi:65%
1184,Pleura,Pleu: 0%
1185,Atelec,Atel: 1% Pneu:55%
1186,Emphys Fibros,Emph:20% Fibr: 0%
1187,Hernia,Hern: 0%
1188,Atelec Infilt,Atel: 3% Infi: 3% Pneu:77%
1189,Infilt Mass,Infi: 0% Mass:27%
1190,Nodule,Nodu:69%
1191,Infilt,Infi:16%
1192,Pneumo,Pneu:52%
1193,Atelec Effusi Mass,Atel: 1% Effu: 1% Mass: 4%
1194,Nodule,Nodu:29%
1195,Atelec,Atel: 1% Infi:53%
1196,Effusi,Effu: 1%
1197,Pneumo,Pneu: 1%
1198,Nodule,Nodu: 5%
1199,Pneumo,Pneu:34%
1200,Nodule,Nodu:55%
1201,Atelec Edema Effusi Infilt Pneumo,Atel: 1% Edem: 0% Effu:38% Infi:18% Pneu: 1%
1202,Mass,Infi:61% Mass: 6%
1203,Effusi,Effu: 0%
1204,Infilt,Infi: 0% Pleu:57%
1205,Infilt Pleura,Effu:100% Infi: 0% Pleu: 0%
1206,Atelec Infilt,Atel: 0% Infi:73%
1207,Nodule,Nodu: 3%
1208,Effusi,Effu: 0% Pneu:91%
1209,Nodule,Nodu:23%
1210,Atelec Pneumo,Atel: 0% Infi:91% Pneu: 1%
1211,Atelec,Atel: 3%
1212,Effusi Infilt,Effu:13% Infi:17%
1213,Effusi,Effu:12%
1214,Pneumo,Pneu:21%
1215,Pneumo,Pneu:19%
1216,Emphys Nodule Pneumo,Emph: 0% Mass:51% Nodu:10% Pneu:24%
1217,Effusi,Effu: 3%
1218,Atelec Effusi,Atel: 0% Effu: 0% Pneu:84%
1219,Effusi,Effu: 0% Pneu:97%
1220,Atelec Infilt,Atel: 0% Infi:28%
1221,Nodule,Nodu: 2% Pneu:75%
1222,Pneumo,Pneu: 3%
1223,Mass Pneumo,Mass:45% Pneu:11%
1224,Consol,Cons: 1% Pneu:53%
1225,Effusi Pneumo,Effu: 0% Pneu:72% Pneu: 2%
1226,Atelec Cardio Effusi,Atel: 0% Card: 8% Effu: 3%
1227,Mass,Mass: 7% Pneu:60%
1228,Infilt Nodule Pneumo,Infi: 0% Nodu: 1% Pneu: 6%
1229,Infilt,Infi: 9% Pneu:66%
1230,Consol,Cons: 2% Nodu:55%
1231,Infilt,Infi:11%
1232,Fibros Pleura Pneumo,Fibr: 1% Pleu: 0% Pneu:39%
1233,Effusi,Effu: 1% Mass:54%
1234,Effusi,Effu: 5%
1235,Pleura,Pleu: 9%
1236,Effusi,Effu: 1% Pneu:68%
1237,Atelec,Atel: 0%
1238,Consol Fibros Infilt,Cons: 2% Fibr: 0% Infi:10%
1239,Effusi Fibros,Effu: 8% Fibr: 2%
1240,Effusi Fibros,Effu: 1% Fibr: 1% Pneu:62%
1241,Effusi,Effu:10%
1242,Atelec Cardio,Atel: 0% Card: 0% Pneu:59%
1243,Atelec Consol Pneumo,Atel: 1% Cons: 2% Mass:55% Pneu: 9%
1244,Edema Infilt,Edem: 1% Infi:75%
1245,Atelec,Atel: 0%
1246,Consol,Cons: 1% Mass:69%
1247,Cardio Effusi Infilt,Card: 0% Effu: 1% Infi:82%
1248,Pleura,Pleu: 2%
1249,Atelec Emphys Infilt Pneumo,Atel: 0% Emph:24% Infi: 0% Pneu:40%
1250,Effusi Infilt Pneumo,Effu: 2% Infi:37% Pneu:12%
1251,Effusi,Effu: 0%
1252,Edema Infilt Mass Pneumo Pneumo,Edem: 0% Infi:83% Mass: 3% Pneu: 0% Pneu: 0%
1253,Effusi,Effu: 2%
1254,Edema,Edem: 3% Infi:73%
1255,Effusi Infilt,Effu: 0% Infi:27%
1256,Pleura Pneumo,Infi:74% Pleu: 0% Pneu: 2%
1257,Effusi Pneumo,Effu: 4% Mass:74% Pneu: 8%
1258,Infilt Pleura,Infi:60% Pleu: 1%
1259,Infilt Mass,Infi: 0% Mass: 4%
1260,Fibros Nodule Pleura,Fibr: 2% Nodu: 8% Pleu: 0%
1261,Mass Nodule Pleura,Mass: 3% Nodu: 5% Pleu: 0% Pneu:57%
1262,Consol Effusi Mass,Cons: 4% Effu: 1% Mass: 5%
1263,Infilt Mass,Infi:19% Mass:26%
1264,Effusi Mass,Effu: 8% Mass:14%
1265,Cardio,Card: 0%
1266,Infilt,Infi: 0% Pneu:97%
1267,Infilt,Infi:24%
1268,Pneumo,Effu:100% Pneu: 0%
1269,Infilt,Infi:40%
1270,Infilt,Infi:51%
1271,Atelec,Atel: 1% Pneu:80%
1272,Infilt,Infi:18% Pneu:52%
1273,Effusi,Effu: 1%
1274,Atelec Effusi,Atel: 0% Effu:39%
1275,Pneumo,Mass:61% Pneu: 4%
1276,Fibros Infilt,Fibr: 0% Infi: 0% Mass:78%
1277,Effusi,Effu:12%
1278,Effusi Infilt Pleura,Effu: 3% Infi: 0% Pleu: 0% Pneu:77%
1279,Atelec Infilt,Atel: 0% Infi:94%
1280,Atelec Effusi Pneumo,Atel:17% Effu:14% Pneu:35%
